client_reference,full_customer_name,contact_email,transaction_ref,item_reference,transaction_date,amount_paid,payment_status,delivery_status,customer_segment,region,product_line,quantity_ordered,unit_cost,total_value,discount_applied,shipping_fee,tax_amount,notes_comments,last_modified_timestamp
CLI_0186,Alice Johnson,reconcile1@test.com,TXN_00371,ITM_055,3/9/2023,512.82,FAILED,PENDING,PREMIUM,NORTH,HOME,6,50.55,258.85,33.74,8.27,14.50,Additional processing required,2023-06-02T18:30:00.000Z
CLI_0272,Jane Doe,reconcile2@test.com,TXN_00267,ITM_192,6/6/2023,819.76,COMPLETED,DELIVERED,STANDARD,NORTH,ELECTRONICS,7,247.92,274.14,72.15,19.96,26.39,,2023-10-27T18:30:00.000Z
CLI_0319,Jane Doe,reconcile3@test.com,TXN_00491,ITM_061,2/25/2023,953.39,FAILED,PENDING,VIP,WEST,FASHION,4,41.94,879.22,83.82,7.62,43.59,,2023-12-14T18:30:00.000Z
CLI_0076,John Smith,reconcile4@test.com,TXN_00277,ITM_106,5/5/2023,213.89,COMPLETED,PENDING,VIP,NORTH,HOME,1,172.37,867.30,5.56,10.82,19.41,Additional processing required,2023-11-18T18:30:00.000Z
CLI_0064,Jane Doe,reconcile5@test.com,TXN_00870,ITM_046,2/1/2023,837.72,FAILED,DELIVERED,PREMIUM,WEST,BOOKS,5,141.46,341.36,70.95,15.82,39.33,,2023-11-14T18:30:00.000Z
CLI_0393,Jane Doe,reconcile6@test.com,TXN_00313,ITM_117,11/2/2023,974.43,FAILED,DELIVERED,STANDARD,NORTH,ELECTRONICS,5,44.38,573.41,57.44,13.73,64.19,,2023-02-21T18:30:00.000Z
CLI_0290,Alice Johnson,reconcile7@test.com,TXN_00309,ITM_200,12/21/2023,592.20,PENDING,DELIVERED,STANDARD,SOUTH,BOOKS,1,281.11,804.78,22.98,12.65,52.59,Additional processing required,2023-08-11T18:30:00.000Z
CLI_0221,Jane Doe,reconcile8@test.com,TXN_00174,ITM_134,7/5/2023,625.62,FAILED,IN_TRANSIT,VIP,EAST,ELECTRONICS,7,238.74,733.78,59.28,18.64,42.56,,2023-02-25T18:30:00.000Z
CLI_0127,Jane Doe,reconcile9@test.com,TXN_00666,ITM_081,2/7/2023,445.58,FAILED,IN_TRANSIT,PREMIUM,WEST,ELECTRONICS,4,240.07,799.15,10.47,23.88,28.72,Additional processing required,2023-11-24T18:30:00.000Z
CLI_0163,John Smith,reconcile10@test.com,TXN_00007,ITM_149,7/1/2023,95.10,FAILED,DELIVERED,STANDARD,EAST,HOME,5,104.94,372.43,51.69,27.40,21.82,Additional processing required,2023-05-05T18:30:00.000Z
CLI_0213,Jane Doe,reconcile11@test.com,TXN_00637,ITM_022,9/13/2023,573.95,COMPLETED,IN_TRANSIT,PREMIUM,WEST,BOOKS,2,83.02,338.75,2.09,23.37,5.21,Additional processing required,2023-02-03T18:30:00.000Z
CLI_0455,Bob Wilson,reconcile12@test.com,TXN_00383,ITM_024,2/22/2023,236.53,FAILED,IN_TRANSIT,PREMIUM,WEST,ELECTRONICS,3,255.67,578.58,97.14,19.62,54.86,,2023-11-03T18:30:00.000Z
CLI_0340,Bob Wilson,reconcile13@test.com,TXN_00887,ITM_157,2/6/2023,468.37,PENDING,PENDING,VIP,NORTH,BOOKS,5,301.87,479.30,38.25,8.59,6.03,,2023-06-26T18:30:00.000Z
CLI_0366,Alice Johnson,reconcile14@test.com,TXN_00639,ITM_048,8/17/2023,840.53,COMPLETED,DELIVERED,VIP,SOUTH,BOOKS,9,267.66,712.04,91.41,26.25,54.33,,2023-03-01T18:30:00.000Z
CLI_0419,Jane Doe,reconcile15@test.com,TXN_00919,ITM_191,11/14/2023,349.51,FAILED,IN_TRANSIT,PREMIUM,NORTH,ELECTRONICS,10,202.12,823.14,94.13,7.89,56.73,Additional processing required,2023-08-19T18:30:00.000Z
CLI_0409,Jane Doe,reconcile16@test.com,TXN_00970,ITM_106,5/12/2023,770.77,PENDING,DELIVERED,VIP,EAST,BOOKS,9,226.46,507.78,72.60,19.98,22.93,,2023-02-21T18:30:00.000Z
CLI_0313,Bob Wilson,reconcile17@test.com,TXN_00084,ITM_108,11/24/2023,129.68,PENDING,PENDING,VIP,EAST,BOOKS,9,156.81,521.06,12.26,27.27,63.71,Additional processing required,2023-11-10T18:30:00.000Z
CLI_0360,Alice Johnson,reconcile18@test.com,TXN_00619,ITM_098,10/27/2023,471.00,FAILED,PENDING,STANDARD,SOUTH,HOME,1,145.63,371.17,52.25,15.68,21.73,,2023-09-27T18:30:00.000Z
CLI_0206,John Smith,reconcile19@test.com,TXN_00772,ITM_048,6/13/2023,699.47,COMPLETED,PENDING,STANDARD,SOUTH,ELECTRONICS,8,106.11,183.33,65.39,6.62,30.44,,2023-01-24T18:30:00.000Z
CLI_0461,John Smith,reconcile20@test.com,TXN_00667,ITM_151,2/27/2023,712.98,PENDING,IN_TRANSIT,STANDARD,EAST,FASHION,8,61.11,568.97,84.43,16.86,51.35,,2023-09-26T18:30:00.000Z
CLI_0344,John Smith,reconcile21@test.com,TXN_00594,ITM_015,3/1/2023,566.43,PENDING,PENDING,VIP,WEST,HOME,2,42.92,610.14,2.59,12.63,23.99,Additional processing required,2023-02-03T18:30:00.000Z
CLI_0443,Alice Johnson,reconcile22@test.com,TXN_00559,ITM_089,12/25/2023,537.07,FAILED,IN_TRANSIT,STANDARD,WEST,FASHION,6,241.75,645.44,59.54,29.20,20.17,Additional processing required,2023-02-13T18:30:00.000Z
CLI_0258,Jane Doe,reconcile23@test.com,TXN_00989,ITM_081,7/6/2023,435.55,COMPLETED,DELIVERED,STANDARD,SOUTH,HOME,9,157.39,463.61,31.62,25.37,37.74,,2023-04-13T18:30:00.000Z
CLI_0380,Alice Johnson,reconcile24@test.com,TXN_00992,ITM_187,9/24/2023,100.80,FAILED,IN_TRANSIT,STANDARD,WEST,BOOKS,3,293.54,342.16,40.48,25.31,15.14,,2023-06-30T18:30:00.000Z
CLI_0210,Jane Doe,reconcile25@test.com,TXN_00675,ITM_146,11/7/2023,121.49,PENDING,PENDING,VIP,WEST,FASHION,4,74.64,205.71,93.00,16.77,28.37,Additional processing required,2023-03-11T18:30:00.000Z
CLI_0221,Alice Johnson,reconcile26@test.com,TXN_00921,ITM_012,12/28/2023,223.55,PENDING,DELIVERED,STANDARD,SOUTH,FASHION,8,14.36,695.83,88.92,9.77,35.71,,2023-04-21T18:30:00.000Z
CLI_0361,Jane Doe,reconcile27@test.com,TXN_00002,ITM_180,8/9/2023,458.88,FAILED,PENDING,PREMIUM,WEST,FASHION,1,158.28,522.17,94.93,6.44,11.04,Additional processing required,2023-10-23T18:30:00.000Z
CLI_0150,Bob Wilson,reconcile28@test.com,TXN_00139,ITM_133,6/25/2023,330.64,COMPLETED,DELIVERED,PREMIUM,SOUTH,BOOKS,6,293.78,583.95,35.13,29.75,15.66,Additional processing required,2023-08-09T18:30:00.000Z
CLI_0021,Bob Wilson,reconcile29@test.com,TXN_00374,ITM_171,8/2/2023,969.47,PENDING,IN_TRANSIT,PREMIUM,SOUTH,BOOKS,7,202.56,862.67,31.46,19.71,26.19,,2023-05-17T18:30:00.000Z
CLI_0102,Bob Wilson,reconcile30@test.com,TXN_00955,ITM_138,11/14/2023,722.80,PENDING,PENDING,PREMIUM,NORTH,FASHION,6,86.93,588.45,37.01,29.85,62.72,,2023-02-03T18:30:00.000Z
CLI_0495,John Smith,reconcile31@test.com,TXN_00093,ITM_012,12/10/2023,912.62,COMPLETED,DELIVERED,VIP,SOUTH,BOOKS,4,249.08,382.88,65.19,25.90,53.91,,2023-11-02T18:30:00.000Z
CLI_0144,John Smith,reconcile32@test.com,TXN_00430,ITM_118,3/26/2023,166.65,COMPLETED,DELIVERED,VIP,SOUTH,BOOKS,7,107.99,481.88,90.23,22.48,33.04,Additional processing required,2023-09-09T18:30:00.000Z
CLI_0016,John Smith,reconcile33@test.com,TXN_00151,ITM_096,3/25/2023,344.36,PENDING,PENDING,STANDARD,NORTH,BOOKS,2,105.21,166.47,11.99,23.26,30.83,,2023-06-24T18:30:00.000Z
CLI_0315,John Smith,reconcile34@test.com,TXN_00859,ITM_144,6/23/2023,79.52,FAILED,IN_TRANSIT,PREMIUM,EAST,FASHION,2,42.93,300.38,2.78,21.36,34.25,,2023-11-30T18:30:00.000Z
CLI_0466,John Smith,reconcile35@test.com,TXN_00323,ITM_160,10/19/2023,359.79,PENDING,DELIVERED,VIP,SOUTH,BOOKS,10,129.55,726.81,72.96,27.81,55.55,,2023-03-06T18:30:00.000Z
CLI_0092,Alice Johnson,reconcile36@test.com,TXN_00764,ITM_175,5/18/2023,985.58,PENDING,PENDING,VIP,EAST,ELECTRONICS,2,271.39,795.92,32.29,12.52,27.13,,2023-05-15T18:30:00.000Z
CLI_0417,Jane Doe,reconcile37@test.com,TXN_00570,ITM_169,10/1/2023,538.61,PENDING,PENDING,PREMIUM,NORTH,FASHION,8,114.85,504.87,65.78,28.54,10.65,,2023-01-13T18:30:00.000Z
CLI_0258,John Smith,reconcile38@test.com,TXN_00355,ITM_016,8/3/2023,741.36,FAILED,IN_TRANSIT,PREMIUM,WEST,BOOKS,7,202.32,625.59,12.11,10.55,17.68,Additional processing required,2023-05-21T18:30:00.000Z
CLI_0132,Alice Johnson,reconcile39@test.com,TXN_00484,ITM_099,12/10/2023,548.89,FAILED,IN_TRANSIT,STANDARD,SOUTH,ELECTRONICS,6,277.25,558.40,82.71,22.01,28.76,Additional processing required,2023-05-10T18:30:00.000Z
CLI_0114,Jane Doe,reconcile40@test.com,TXN_00465,ITM_101,1/28/2023,634.68,PENDING,DELIVERED,PREMIUM,SOUTH,BOOKS,3,99.51,874.12,52.03,7.40,34.57,,2023-06-17T18:30:00.000Z
CLI_0391,Alice Johnson,reconcile41@test.com,TXN_00896,ITM_160,2/13/2023,187.44,FAILED,DELIVERED,VIP,NORTH,ELECTRONICS,4,128.84,306.60,44.19,8.85,19.02,Additional processing required,2023-02-09T18:30:00.000Z
CLI_0122,Bob Wilson,reconcile42@test.com,TXN_00237,ITM_070,12/24/2023,699.88,PENDING,IN_TRANSIT,VIP,EAST,BOOKS,4,32.02,895.64,76.50,5.65,33.16,,2023-07-26T18:30:00.000Z
CLI_0372,Jane Doe,reconcile43@test.com,TXN_00303,ITM_136,1/20/2023,879.18,FAILED,PENDING,STANDARD,SOUTH,ELECTRONICS,2,163.57,684.66,17.17,23.54,5.45,,2023-03-22T18:30:00.000Z
CLI_0401,Bob Wilson,reconcile44@test.com,TXN_00030,ITM_136,1/5/2023,712.09,FAILED,PENDING,PREMIUM,WEST,HOME,1,132.14,221.60,11.31,26.07,52.15,,2023-09-07T18:30:00.000Z
CLI_0039,Alice Johnson,reconcile45@test.com,TXN_00755,ITM_098,9/24/2023,74.27,PENDING,IN_TRANSIT,PREMIUM,SOUTH,BOOKS,9,54.80,883.00,70.89,23.09,51.02,,2023-04-21T18:30:00.000Z
CLI_0211,Jane Doe,reconcile46@test.com,TXN_00571,ITM_012,3/2/2023,245.51,COMPLETED,PENDING,STANDARD,SOUTH,HOME,1,275.19,401.45,57.71,25.47,26.58,,2023-03-12T18:30:00.000Z
CLI_0443,Jane Doe,reconcile47@test.com,TXN_00648,ITM_031,7/16/2023,437.40,COMPLETED,PENDING,VIP,WEST,BOOKS,8,145.52,114.90,39.07,21.56,55.05,,2023-12-24T18:30:00.000Z
CLI_0186,Alice Johnson,reconcile48@test.com,TXN_00657,ITM_127,2/20/2023,503.40,FAILED,PENDING,VIP,EAST,HOME,9,27.46,358.95,76.95,7.17,57.64,Additional processing required,2023-11-23T18:30:00.000Z
CLI_0054,Jane Doe,reconcile49@test.com,TXN_00823,ITM_039,1/26/2023,628.48,FAILED,DELIVERED,STANDARD,WEST,HOME,8,45.82,252.63,9.08,6.50,49.51,,2023-12-18T18:30:00.000Z
CLI_0452,Jane Doe,reconcile50@test.com,TXN_00191,ITM_118,7/13/2023,1033.27,FAILED,PENDING,VIP,EAST,FASHION,4,282.51,765.59,6.77,28.20,57.21,,2023-10-27T18:30:00.000Z
CLI_0294,Bob Wilson,reconcile51@test.com,TXN_00277,ITM_075,5/11/2023,943.80,PENDING,DELIVERED,PREMIUM,NORTH,ELECTRONICS,2,218.90,431.61,15.15,20.49,6.80,,2023-10-31T18:30:00.000Z
CLI_0113,Jane Doe,reconcile52@test.com,TXN_00342,ITM_134,6/14/2023,577.91,PENDING,DELIVERED,PREMIUM,SOUTH,FASHION,10,188.98,743.32,43.13,17.76,35.25,,2023-05-24T18:30:00.000Z
CLI_0299,Alice Johnson,reconcile53@test.com,TXN_00661,ITM_140,10/20/2023,96.68,COMPLETED,PENDING,VIP,WEST,FASHION,10,123.05,799.22,95.09,25.94,49.05,,2023-05-19T18:30:00.000Z
CLI_0430,Jane Doe,reconcile54@test.com,TXN_00315,ITM_176,10/24/2023,494.31,PENDING,IN_TRANSIT,PREMIUM,EAST,BOOKS,2,124.68,223.29,14.52,21.43,40.83,Additional processing required,2023-02-22T18:30:00.000Z
CLI_0260,Alice Johnson,reconcile55@test.com,TXN_00547,ITM_166,7/13/2023,1032.23,PENDING,PENDING,PREMIUM,NORTH,FASHION,7,25.54,497.93,65.17,21.90,19.48,,2023-01-14T18:30:00.000Z
CLI_0336,John Smith,reconcile56@test.com,TXN_00408,ITM_082,9/10/2023,795.32,PENDING,IN_TRANSIT,VIP,WEST,FASHION,9,139.83,258.40,22.36,20.47,40.82,,2023-11-08T18:30:00.000Z
CLI_0433,John Smith,reconcile57@test.com,TXN_00977,ITM_118,1/14/2023,870.89,FAILED,PENDING,VIP,SOUTH,FASHION,7,225.31,207.20,1.63,27.50,22.48,,2023-11-11T18:30:00.000Z
CLI_0436,John Smith,reconcile58@test.com,TXN_00454,ITM_109,10/15/2023,886.10,COMPLETED,DELIVERED,PREMIUM,SOUTH,ELECTRONICS,5,234.39,177.84,45.18,17.49,41.41,,2023-04-16T18:30:00.000Z
CLI_0478,John Smith,reconcile59@test.com,TXN_00419,ITM_106,11/25/2023,320.01,FAILED,PENDING,VIP,NORTH,FASHION,4,143.55,128.92,29.14,29.21,7.37,,2023-03-05T18:30:00.000Z
CLI_0307,Jane Doe,reconcile60@test.com,TXN_00235,ITM_195,5/25/2023,830.36,PENDING,IN_TRANSIT,STANDARD,NORTH,FASHION,3,66.02,584.76,43.96,14.38,25.01,,2023-10-31T18:30:00.000Z
CLI_0262,Jane Doe,reconcile61@test.com,TXN_00068,ITM_096,4/6/2023,109.34,COMPLETED,IN_TRANSIT,VIP,WEST,BOOKS,8,277.45,839.83,79.98,8.42,58.80,,2023-04-17T18:30:00.000Z
CLI_0045,Alice Johnson,reconcile62@test.com,TXN_00906,ITM_120,2/21/2023,487.92,COMPLETED,DELIVERED,STANDARD,EAST,HOME,5,268.46,412.81,52.74,21.03,52.41,,2023-06-04T18:30:00.000Z
CLI_0346,Alice Johnson,reconcile63@test.com,TXN_00081,ITM_087,12/28/2023,129.52,PENDING,PENDING,PREMIUM,NORTH,HOME,2,129.00,693.69,16.40,23.75,16.14,,2023-09-18T18:30:00.000Z
CLI_0434,Jane Doe,reconcile64@test.com,TXN_00100,ITM_150,3/9/2023,963.26,PENDING,DELIVERED,PREMIUM,WEST,ELECTRONICS,5,264.80,633.31,9.59,6.93,46.91,Additional processing required,2023-08-18T18:30:00.000Z
CLI_0405,John Smith,reconcile65@test.com,TXN_00199,ITM_016,1/24/2023,764.64,COMPLETED,PENDING,VIP,NORTH,HOME,5,134.49,453.30,40.87,19.09,55.36,Additional processing required,2023-07-23T18:30:00.000Z
CLI_0282,Bob Wilson,reconcile66@test.com,TXN_00643,ITM_089,5/28/2023,972.89,PENDING,IN_TRANSIT,STANDARD,EAST,FASHION,1,182.04,597.01,17.18,13.28,59.83,Additional processing required,2023-12-21T18:30:00.000Z
CLI_0170,John Smith,reconcile67@test.com,TXN_00872,ITM_166,6/23/2023,565.21,COMPLETED,PENDING,VIP,SOUTH,HOME,3,197.86,592.27,84.65,22.78,45.13,Additional processing required,2023-06-18T18:30:00.000Z
CLI_0212,Alice Johnson,reconcile68@test.com,TXN_00332,ITM_076,6/8/2023,124.37,PENDING,PENDING,STANDARD,NORTH,ELECTRONICS,8,49.33,280.99,61.04,19.42,54.93,,2023-01-09T18:30:00.000Z
CLI_0249,John Smith,reconcile69@test.com,TXN_00085,ITM_068,4/22/2023,756.25,PENDING,IN_TRANSIT,STANDARD,EAST,FASHION,2,116.69,624.49,57.05,9.05,41.27,,2023-12-18T18:30:00.000Z
CLI_0048,Jane Doe,reconcile70@test.com,TXN_00904,ITM_167,2/28/2023,441.55,PENDING,IN_TRANSIT,STANDARD,EAST,HOME,9,181.94,877.50,40.87,25.04,17.31,,2023-04-05T18:30:00.000Z
CLI_0279,Bob Wilson,reconcile71@test.com,TXN_00161,ITM_144,5/11/2023,344.88,FAILED,IN_TRANSIT,VIP,SOUTH,BOOKS,8,38.48,477.47,20.27,26.62,25.08,,2023-06-10T18:30:00.000Z
CLI_0033,Bob Wilson,reconcile72@test.com,TXN_00292,ITM_107,4/11/2023,489.39,PENDING,IN_TRANSIT,STANDARD,EAST,FASHION,4,81.97,772.54,99.43,13.24,13.84,,2023-11-07T18:30:00.000Z
CLI_0070,Bob Wilson,reconcile73@test.com,TXN_00480,ITM_100,4/28/2023,95.69,FAILED,IN_TRANSIT,VIP,NORTH,ELECTRONICS,8,145.02,547.53,62.17,16.91,6.27,Additional processing required,2023-09-23T18:30:00.000Z
CLI_0206,Jane Doe,reconcile74@test.com,TXN_00921,ITM_116,11/24/2023,144.46,FAILED,IN_TRANSIT,PREMIUM,SOUTH,BOOKS,8,200.35,772.08,37.40,7.38,5.26,Additional processing required,2023-03-12T18:30:00.000Z
CLI_0455,Alice Johnson,reconcile75@test.com,TXN_00934,ITM_194,1/10/2023,883.60,PENDING,PENDING,PREMIUM,SOUTH,ELECTRONICS,3,179.69,168.72,66.82,18.10,35.16,,2023-02-12T18:30:00.000Z
CLI_0424,Alice Johnson,reconcile76@test.com,TXN_00542,ITM_168,7/11/2023,968.56,FAILED,PENDING,VIP,NORTH,BOOKS,8,127.57,152.82,2.01,27.28,15.54,Additional processing required,2023-04-03T18:30:00.000Z
CLI_0363,Bob Wilson,reconcile77@test.com,TXN_00111,ITM_073,7/2/2023,417.77,COMPLETED,DELIVERED,PREMIUM,NORTH,ELECTRONICS,2,71.06,712.43,50.58,14.68,54.38,Additional processing required,2023-09-17T18:30:00.000Z
CLI_0424,Jane Doe,reconcile78@test.com,TXN_00635,ITM_179,5/22/2023,77.64,FAILED,IN_TRANSIT,STANDARD,NORTH,BOOKS,4,138.29,439.32,53.45,12.57,42.73,,2023-01-22T18:30:00.000Z
CLI_0328,Jane Doe,reconcile79@test.com,TXN_00097,ITM_074,7/9/2023,841.04,FAILED,PENDING,PREMIUM,WEST,HOME,8,70.48,435.00,28.36,8.88,47.07,Additional processing required,2023-04-16T18:30:00.000Z
CLI_0258,Jane Doe,reconcile80@test.com,TXN_00998,ITM_149,8/26/2023,297.98,COMPLETED,IN_TRANSIT,STANDARD,SOUTH,HOME,3,251.27,379.32,60.93,14.12,39.65,,2023-11-06T18:30:00.000Z
CLI_0070,Alice Johnson,reconcile81@test.com,TXN_00464,ITM_011,11/13/2023,322.51,FAILED,DELIVERED,PREMIUM,EAST,HOME,5,230.20,440.50,77.91,21.61,54.59,,2023-04-19T18:30:00.000Z
CLI_0448,Bob Wilson,reconcile82@test.com,TXN_00711,ITM_054,11/13/2023,493.81,PENDING,DELIVERED,VIP,SOUTH,FASHION,4,140.12,784.41,47.66,22.83,30.20,,2023-03-10T18:30:00.000Z
CLI_0225,Alice Johnson,reconcile83@test.com,TXN_00898,ITM_145,10/2/2023,909.16,FAILED,IN_TRANSIT,STANDARD,EAST,HOME,4,219.99,113.93,17.57,12.75,56.67,Additional processing required,2023-05-15T18:30:00.000Z
CLI_0249,John Smith,reconcile84@test.com,TXN_00731,ITM_009,4/27/2023,896.43,COMPLETED,PENDING,STANDARD,NORTH,BOOKS,9,31.37,384.22,42.47,29.90,41.31,,2023-03-23T18:30:00.000Z
CLI_0357,John Smith,reconcile85@test.com,TXN_00094,ITM_019,9/14/2023,910.70,COMPLETED,DELIVERED,STANDARD,SOUTH,BOOKS,1,35.04,426.40,63.31,5.30,23.98,,2023-04-03T18:30:00.000Z
CLI_0276,Bob Wilson,reconcile86@test.com,TXN_00894,ITM_023,3/13/2023,575.25,FAILED,IN_TRANSIT,STANDARD,WEST,FASHION,5,145.12,335.20,95.63,9.57,57.47,,2023-06-26T18:30:00.000Z
CLI_0271,Jane Doe,reconcile87@test.com,TXN_00517,ITM_007,7/21/2023,402.99,FAILED,IN_TRANSIT,STANDARD,NORTH,HOME,10,201.05,113.35,70.36,15.07,27.81,,2023-10-19T18:30:00.000Z
CLI_0341,John Smith,reconcile88@test.com,TXN_00492,ITM_016,11/18/2023,189.32,FAILED,PENDING,VIP,SOUTH,BOOKS,2,160.32,220.39,82.86,7.21,64.66,Additional processing required,2023-12-14T18:30:00.000Z
CLI_0300,John Smith,reconcile89@test.com,TXN_00221,ITM_033,3/6/2023,453.93,FAILED,IN_TRANSIT,VIP,NORTH,BOOKS,1,303.83,679.89,15.79,9.59,64.51,Additional processing required,2023-03-11T18:30:00.000Z
CLI_0376,Alice Johnson,reconcile90@test.com,TXN_00979,ITM_054,9/20/2023,348.03,PENDING,PENDING,STANDARD,NORTH,ELECTRONICS,3,228.91,368.78,18.80,26.54,19.75,,2023-06-22T18:30:00.000Z
CLI_0461,Jane Doe,reconcile91@test.com,TXN_00845,ITM_120,8/21/2023,428.43,PENDING,PENDING,PREMIUM,WEST,FASHION,2,261.12,799.83,97.65,23.00,43.25,,2023-03-27T18:30:00.000Z
CLI_0055,Bob Wilson,reconcile92@test.com,TXN_00635,ITM_156,9/12/2023,468.96,COMPLETED,IN_TRANSIT,PREMIUM,WEST,BOOKS,8,262.95,860.66,37.77,12.90,45.60,,2023-10-07T18:30:00.000Z
CLI_0057,Bob Wilson,reconcile93@test.com,TXN_00092,ITM_056,8/17/2023,468.88,PENDING,PENDING,VIP,NORTH,HOME,3,58.09,344.20,38.33,15.14,6.08,Additional processing required,2023-07-06T18:30:00.000Z
CLI_0038,John Smith,reconcile94@test.com,TXN_00871,ITM_014,3/25/2023,811.57,FAILED,IN_TRANSIT,VIP,NORTH,FASHION,4,240.07,643.23,71.51,16.59,5.16,Additional processing required,2023-07-19T18:30:00.000Z
CLI_0208,Bob Wilson,reconcile95@test.com,TXN_00519,ITM_172,3/3/2023,208.84,FAILED,IN_TRANSIT,PREMIUM,WEST,FASHION,5,101.60,231.68,13.48,26.80,17.79,,2023-11-26T18:30:00.000Z
CLI_0021,Alice Johnson,reconcile96@test.com,TXN_00733,ITM_020,2/15/2023,945.72,PENDING,IN_TRANSIT,VIP,SOUTH,HOME,6,258.52,888.47,14.81,29.86,49.86,Additional processing required,2023-07-18T18:30:00.000Z
CLI_0422,John Smith,reconcile97@test.com,TXN_00743,ITM_061,6/1/2023,1022.01,PENDING,PENDING,VIP,SOUTH,BOOKS,7,159.62,199.04,28.69,17.83,60.41,,2023-11-17T18:30:00.000Z
CLI_0230,Alice Johnson,reconcile98@test.com,TXN_00272,ITM_049,2/17/2023,119.67,PENDING,PENDING,STANDARD,SOUTH,FASHION,4,216.15,485.47,61.85,26.31,55.28,Additional processing required,2023-03-13T18:30:00.000Z
CLI_0160,Jane Doe,reconcile99@test.com,TXN_00993,ITM_044,12/6/2023,759.32,PENDING,PENDING,VIP,SOUTH,HOME,4,201.77,866.75,59.48,12.49,12.81,,2023-02-24T18:30:00.000Z
CLI_0254,John Smith,reconcile100@test.com,TXN_00099,ITM_070,3/15/2023,235.09,FAILED,PENDING,STANDARD,EAST,ELECTRONICS,9,164.76,604.74,4.05,24.24,39.68,,2023-09-11T18:30:00.000Z
CLI_0488,Alice Johnson,reconcile101@test.com,TXN_00508,ITM_004,1/14/2023,465.11,FAILED,DELIVERED,STANDARD,SOUTH,ELECTRONICS,7,231.90,824.26,64.64,8.19,60.92,,2023-03-08T18:30:00.000Z
CLI_0262,John Smith,reconcile102@test.com,TXN_00300,ITM_107,8/4/2023,158.32,PENDING,DELIVERED,STANDARD,NORTH,ELECTRONICS,9,30.76,898.79,87.01,10.48,26.49,Additional processing required,2023-06-09T18:30:00.000Z
CLI_0199,Jane Doe,reconcile103@test.com,TXN_00210,ITM_109,8/22/2023,313.70,PENDING,IN_TRANSIT,VIP,SOUTH,HOME,3,302.08,832.96,47.26,5.96,47.78,,2023-04-17T18:30:00.000Z
CLI_0307,Jane Doe,reconcile104@test.com,TXN_00451,ITM_139,4/24/2023,468.54,FAILED,PENDING,STANDARD,EAST,BOOKS,1,242.39,833.92,25.40,17.55,23.48,,2023-08-26T18:30:00.000Z
CLI_0224,Jane Doe,reconcile105@test.com,TXN_00571,ITM_001,9/6/2023,777.43,COMPLETED,IN_TRANSIT,VIP,EAST,BOOKS,6,27.14,777.39,33.08,22.99,43.29,,2023-10-20T18:30:00.000Z
CLI_0119,Alice Johnson,reconcile106@test.com,TXN_00853,ITM_151,1/12/2023,761.96,PENDING,PENDING,PREMIUM,WEST,HOME,7,189.01,639.24,45.86,16.03,16.73,,2023-04-01T18:30:00.000Z
CLI_0496,Bob Wilson,reconcile107@test.com,TXN_00322,ITM_118,1/21/2023,293.32,COMPLETED,PENDING,STANDARD,NORTH,BOOKS,1,143.72,205.11,64.15,29.62,15.49,Additional processing required,2023-07-05T18:30:00.000Z
CLI_0268,Bob Wilson,reconcile108@test.com,TXN_00691,ITM_124,11/15/2023,942.28,FAILED,IN_TRANSIT,STANDARD,SOUTH,ELECTRONICS,5,276.08,339.15,8.81,23.46,20.97,,2023-06-09T18:30:00.000Z
CLI_0115,Bob Wilson,reconcile109@test.com,TXN_00429,ITM_025,2/12/2023,208.08,FAILED,IN_TRANSIT,PREMIUM,WEST,FASHION,8,45.60,591.53,18.77,10.01,53.89,,2023-10-17T18:30:00.000Z
CLI_0016,John Smith,reconcile110@test.com,TXN_00556,ITM_029,7/1/2023,910.78,PENDING,IN_TRANSIT,VIP,EAST,FASHION,7,47.53,417.44,71.92,20.07,40.15,,2023-11-10T18:30:00.000Z
CLI_0192,John Smith,reconcile111@test.com,TXN_00091,ITM_024,5/16/2023,624.92,PENDING,IN_TRANSIT,STANDARD,WEST,FASHION,5,296.05,716.78,67.33,15.92,23.90,,2023-09-11T18:30:00.000Z
CLI_0204,John Smith,reconcile112@test.com,TXN_00517,ITM_118,4/11/2023,286.71,COMPLETED,IN_TRANSIT,PREMIUM,EAST,ELECTRONICS,1,142.35,315.60,34.27,14.01,29.26,Additional processing required,2023-07-21T18:30:00.000Z
CLI_0196,Jane Doe,reconcile113@test.com,TXN_00874,ITM_158,3/15/2023,396.50,COMPLETED,IN_TRANSIT,STANDARD,NORTH,FASHION,9,209.24,444.29,34.76,22.98,5.54,,2023-07-19T18:30:00.000Z
CLI_0393,Jane Doe,reconcile114@test.com,TXN_00833,ITM_054,11/13/2023,1032.97,PENDING,PENDING,PREMIUM,EAST,HOME,10,159.79,755.49,91.83,14.26,34.04,,2023-01-23T18:30:00.000Z
CLI_0438,Jane Doe,reconcile115@test.com,TXN_00951,ITM_059,4/28/2023,341.69,PENDING,DELIVERED,VIP,NORTH,FASHION,1,135.19,733.02,65.21,11.26,53.26,,2023-11-12T18:30:00.000Z
CLI_0232,Jane Doe,reconcile116@test.com,TXN_00415,ITM_163,10/27/2023,206.79,FAILED,DELIVERED,VIP,SOUTH,ELECTRONICS,8,140.37,795.55,94.50,24.06,37.58,,2023-11-16T18:30:00.000Z
CLI_0277,Jane Doe,reconcile117@test.com,TXN_00579,ITM_105,9/28/2023,50.18,PENDING,DELIVERED,STANDARD,SOUTH,ELECTRONICS,4,280.58,248.76,74.22,23.75,51.36,,2023-07-04T18:30:00.000Z
CLI_0126,Jane Doe,reconcile118@test.com,TXN_00757,ITM_034,5/25/2023,781.63,PENDING,PENDING,STANDARD,SOUTH,BOOKS,9,168.56,212.53,67.38,9.86,25.75,,2023-09-14T18:30:00.000Z
CLI_0274,Alice Johnson,reconcile119@test.com,TXN_00739,ITM_135,9/4/2023,293.49,PENDING,IN_TRANSIT,STANDARD,EAST,ELECTRONICS,8,11.81,508.09,24.25,8.32,5.12,,2023-01-15T18:30:00.000Z
CLI_0181,John Smith,reconcile120@test.com,TXN_00725,ITM_007,5/5/2023,1039.79,COMPLETED,DELIVERED,STANDARD,SOUTH,HOME,10,219.78,817.11,87.88,11.93,61.75,Additional processing required,2023-08-31T18:30:00.000Z
CLI_0475,Alice Johnson,reconcile121@test.com,TXN_00312,ITM_150,12/7/2023,582.23,FAILED,IN_TRANSIT,PREMIUM,SOUTH,HOME,8,189.82,312.88,62.66,16.37,62.50,,2023-04-27T18:30:00.000Z
CLI_0213,Jane Doe,reconcile122@test.com,TXN_00882,ITM_066,4/24/2023,428.83,FAILED,IN_TRANSIT,VIP,NORTH,FASHION,8,67.03,163.73,30.02,29.50,17.98,,2023-04-24T18:30:00.000Z
CLI_0370,John Smith,reconcile123@test.com,TXN_00556,ITM_153,11/25/2023,213.09,FAILED,PENDING,STANDARD,SOUTH,FASHION,3,20.73,762.75,66.64,7.76,24.99,,2023-11-10T18:30:00.000Z
CLI_0476,Alice Johnson,reconcile124@test.com,TXN_00090,ITM_117,3/17/2023,137.15,PENDING,IN_TRANSIT,PREMIUM,EAST,FASHION,6,212.44,741.68,9.74,28.57,21.46,,2023-02-22T18:30:00.000Z
CLI_0161,Jane Doe,reconcile125@test.com,TXN_00054,ITM_077,10/1/2023,960.03,FAILED,IN_TRANSIT,VIP,EAST,HOME,5,183.58,134.80,82.44,18.05,24.73,,2023-09-05T18:30:00.000Z
CLI_0011,Jane Doe,reconcile126@test.com,TXN_00321,ITM_099,6/14/2023,944.94,COMPLETED,IN_TRANSIT,VIP,WEST,BOOKS,3,66.25,703.29,52.77,24.95,13.50,,2023-07-24T18:30:00.000Z
CLI_0353,Jane Doe,reconcile127@test.com,TXN_00749,ITM_087,3/17/2023,173.05,FAILED,IN_TRANSIT,VIP,WEST,FASHION,6,180.48,521.67,64.19,8.70,61.82,,2023-08-12T18:30:00.000Z
CLI_0429,Jane Doe,reconcile128@test.com,TXN_00912,ITM_073,4/18/2023,532.18,PENDING,DELIVERED,VIP,WEST,BOOKS,5,228.95,679.18,42.39,15.44,39.16,,2023-10-20T18:30:00.000Z
CLI_0453,Alice Johnson,reconcile129@test.com,TXN_00539,ITM_148,4/10/2023,962.18,FAILED,IN_TRANSIT,VIP,NORTH,ELECTRONICS,9,273.84,780.80,36.75,11.74,23.17,,2023-09-04T18:30:00.000Z
CLI_0072,Alice Johnson,reconcile130@test.com,TXN_00413,ITM_067,10/2/2023,900.85,FAILED,IN_TRANSIT,VIP,WEST,BOOKS,4,31.13,486.50,49.14,20.26,44.24,,2023-10-12T18:30:00.000Z
CLI_0108,John Smith,reconcile131@test.com,TXN_00518,ITM_045,6/11/2023,126.94,PENDING,DELIVERED,STANDARD,WEST,HOME,10,41.44,862.06,86.39,18.93,31.22,,2023-08-23T18:30:00.000Z
CLI_0219,Jane Doe,reconcile132@test.com,TXN_00807,ITM_096,3/7/2023,132.00,PENDING,DELIVERED,PREMIUM,WEST,BOOKS,7,87.36,528.70,48.00,5.51,52.52,,2023-07-02T18:30:00.000Z
CLI_0470,Jane Doe,reconcile133@test.com,TXN_00023,ITM_178,2/20/2023,174.88,PENDING,IN_TRANSIT,STANDARD,EAST,BOOKS,2,248.62,362.01,17.76,12.71,12.87,Additional processing required,2023-08-08T18:30:00.000Z
CLI_0016,Bob Wilson,reconcile134@test.com,TXN_00020,ITM_051,1/28/2023,173.93,PENDING,IN_TRANSIT,STANDARD,WEST,ELECTRONICS,5,54.57,609.99,66.02,29.65,25.97,Additional processing required,2023-12-19T18:30:00.000Z
CLI_0073,Jane Doe,reconcile135@test.com,TXN_00682,ITM_143,11/9/2023,602.68,FAILED,DELIVERED,STANDARD,NORTH,ELECTRONICS,8,284.06,397.52,33.17,14.90,14.98,Additional processing required,2023-12-13T18:30:00.000Z
CLI_0468,John Smith,reconcile136@test.com,TXN_00420,ITM_092,7/3/2023,643.63,COMPLETED,DELIVERED,VIP,SOUTH,FASHION,5,42.84,334.92,88.19,10.44,27.60,,2023-07-01T18:30:00.000Z
CLI_0403,Bob Wilson,reconcile137@test.com,TXN_00511,ITM_184,11/19/2023,888.23,PENDING,PENDING,PREMIUM,SOUTH,ELECTRONICS,6,89.81,156.42,38.97,27.27,28.27,Additional processing required,2023-11-06T18:30:00.000Z
CLI_0293,Jane Doe,reconcile138@test.com,TXN_00789,ITM_006,7/26/2023,567.99,COMPLETED,DELIVERED,PREMIUM,WEST,ELECTRONICS,6,38.37,580.41,50.35,21.23,32.54,Additional processing required,2023-07-06T18:30:00.000Z
CLI_0306,Alice Johnson,reconcile139@test.com,TXN_00869,ITM_182,7/16/2023,706.06,FAILED,DELIVERED,STANDARD,NORTH,FASHION,2,69.05,783.02,13.95,17.79,23.78,,2023-06-13T18:30:00.000Z
CLI_0085,Jane Doe,reconcile140@test.com,TXN_00752,ITM_150,11/23/2023,186.41,FAILED,PENDING,STANDARD,EAST,BOOKS,9,109.33,208.06,39.92,11.03,8.64,,2023-02-16T18:30:00.000Z
CLI_0348,Alice Johnson,reconcile141@test.com,TXN_00558,ITM_120,2/6/2023,754.77,COMPLETED,PENDING,STANDARD,WEST,ELECTRONICS,9,297.16,717.97,84.95,8.28,37.50,,2023-09-16T18:30:00.000Z
CLI_0100,Alice Johnson,reconcile142@test.com,TXN_00083,ITM_034,9/13/2023,596.77,PENDING,DELIVERED,STANDARD,WEST,HOME,6,175.23,131.85,20.64,6.73,43.67,,2023-11-22T18:30:00.000Z
CLI_0050,Jane Doe,reconcile143@test.com,TXN_00062,ITM_067,4/22/2023,841.82,COMPLETED,PENDING,VIP,NORTH,ELECTRONICS,5,306.07,379.29,23.86,23.44,36.19,Additional processing required,2023-09-26T18:30:00.000Z
CLI_0362,John Smith,reconcile144@test.com,TXN_00800,ITM_056,7/14/2023,462.32,PENDING,IN_TRANSIT,STANDARD,EAST,HOME,9,131.02,354.81,67.07,17.59,16.13,,2023-01-01T18:30:00.000Z
CLI_0392,John Smith,reconcile145@test.com,TXN_00032,ITM_099,11/7/2023,236.74,COMPLETED,IN_TRANSIT,PREMIUM,NORTH,HOME,6,241.30,726.95,35.19,8.16,50.23,Additional processing required,2023-01-21T18:30:00.000Z
CLI_0284,Jane Doe,reconcile146@test.com,TXN_00253,ITM_132,9/13/2023,465.06,COMPLETED,PENDING,STANDARD,SOUTH,FASHION,2,260.04,872.14,33.02,17.78,19.61,,2023-03-22T18:30:00.000Z
CLI_0246,John Smith,reconcile147@test.com,TXN_00427,ITM_021,4/26/2023,945.84,PENDING,IN_TRANSIT,PREMIUM,WEST,FASHION,1,256.49,302.64,9.74,9.71,51.06,,2023-02-09T18:30:00.000Z
CLI_0226,Alice Johnson,reconcile148@test.com,TXN_00025,ITM_158,7/21/2023,175.09,PENDING,DELIVERED,STANDARD,WEST,FASHION,8,52.99,458.51,5.40,5.14,45.10,Additional processing required,2023-07-07T18:30:00.000Z
CLI_0486,John Smith,reconcile149@test.com,TXN_00543,ITM_070,12/9/2023,239.08,PENDING,PENDING,PREMIUM,WEST,ELECTRONICS,8,210.16,308.09,39.00,14.87,14.50,,2023-08-11T18:30:00.000Z
CLI_0476,Alice Johnson,reconcile150@test.com,TXN_00254,ITM_110,10/24/2023,1011.86,FAILED,PENDING,VIP,EAST,ELECTRONICS,2,114.46,241.69,55.35,19.05,46.36,Additional processing required,2023-06-05T18:30:00.000Z
CLI_0392,Jane Doe,reconcile151@test.com,TXN_00014,ITM_074,10/26/2023,692.17,COMPLETED,IN_TRANSIT,STANDARD,WEST,ELECTRONICS,10,161.92,771.95,2.17,12.18,38.07,Additional processing required,2023-09-17T18:30:00.000Z
CLI_0184,Jane Doe,reconcile152@test.com,TXN_00693,ITM_037,9/15/2023,297.17,COMPLETED,PENDING,STANDARD,NORTH,HOME,9,69.99,234.43,76.08,17.99,8.53,,2023-10-13T18:30:00.000Z
CLI_0296,John Smith,reconcile153@test.com,TXN_00127,ITM_015,2/28/2023,741.95,PENDING,PENDING,VIP,WEST,HOME,3,302.63,142.13,67.00,10.70,49.89,,2023-05-13T18:30:00.000Z
CLI_0189,John Smith,reconcile154@test.com,TXN_00038,ITM_118,4/24/2023,1027.98,PENDING,PENDING,VIP,SOUTH,BOOKS,4,40.83,595.08,47.67,19.25,63.10,,2023-08-12T18:30:00.000Z
CLI_0234,Bob Wilson,reconcile155@test.com,TXN_00316,ITM_188,1/6/2023,511.96,FAILED,IN_TRANSIT,VIP,EAST,BOOKS,9,66.15,184.29,31.07,15.44,48.66,Additional processing required,2023-02-10T18:30:00.000Z
CLI_0485,Bob Wilson,reconcile156@test.com,TXN_00510,ITM_186,5/12/2023,810.96,PENDING,DELIVERED,VIP,WEST,HOME,9,203.94,781.00,21.78,20.70,31.06,,2023-08-03T18:30:00.000Z
CLI_0224,Alice Johnson,reconcile157@test.com,TXN_00696,ITM_124,10/25/2023,117.94,COMPLETED,DELIVERED,PREMIUM,EAST,HOME,3,85.19,398.11,90.46,29.74,54.62,,2023-06-30T18:30:00.000Z
CLI_0362,Jane Doe,reconcile158@test.com,TXN_00850,ITM_141,7/14/2023,579.96,FAILED,IN_TRANSIT,PREMIUM,NORTH,FASHION,5,298.52,776.50,83.15,20.47,13.76,Additional processing required,2023-09-17T18:30:00.000Z
CLI_0140,Bob Wilson,reconcile159@test.com,TXN_00188,ITM_199,10/1/2023,688.72,FAILED,DELIVERED,VIP,SOUTH,ELECTRONICS,2,56.94,206.70,75.91,8.31,6.15,Additional processing required,2023-11-25T18:30:00.000Z
CLI_0100,Bob Wilson,reconcile160@test.com,TXN_00703,ITM_053,1/23/2023,738.18,COMPLETED,PENDING,VIP,NORTH,HOME,5,238.56,571.90,21.16,28.50,42.22,,2023-12-06T18:30:00.000Z
CLI_0140,John Smith,reconcile161@test.com,TXN_00076,ITM_080,3/16/2023,377.96,COMPLETED,PENDING,STANDARD,NORTH,FASHION,3,225.54,214.46,48.52,10.27,31.32,,2023-08-27T18:30:00.000Z
CLI_0189,Jane Doe,reconcile162@test.com,TXN_00865,ITM_171,1/15/2023,92.97,FAILED,IN_TRANSIT,PREMIUM,NORTH,BOOKS,2,30.26,541.24,16.64,23.45,25.81,Additional processing required,2023-10-06T18:30:00.000Z
CLI_0234,Jane Doe,reconcile163@test.com,TXN_00412,ITM_111,9/6/2023,584.62,FAILED,IN_TRANSIT,STANDARD,WEST,FASHION,3,276.27,279.27,93.27,5.71,28.02,,2023-05-27T18:30:00.000Z
CLI_0225,John Smith,reconcile164@test.com,TXN_00787,ITM_010,2/17/2023,944.36,COMPLETED,PENDING,PREMIUM,SOUTH,FASHION,10,194.78,855.63,6.10,19.19,28.86,Additional processing required,2023-04-25T18:30:00.000Z
CLI_0097,Alice Johnson,reconcile165@test.com,TXN_00071,ITM_086,12/16/2023,869.49,FAILED,IN_TRANSIT,STANDARD,EAST,FASHION,6,258.33,562.49,24.33,9.51,34.90,,2023-10-19T18:30:00.000Z
CLI_0080,Bob Wilson,reconcile166@test.com,TXN_00582,ITM_091,6/20/2023,862.25,FAILED,PENDING,PREMIUM,SOUTH,HOME,4,124.63,846.00,55.16,21.83,5.70,,2023-08-12T18:30:00.000Z
CLI_0475,Bob Wilson,reconcile167@test.com,TXN_00653,ITM_097,10/25/2023,944.93,COMPLETED,IN_TRANSIT,STANDARD,EAST,ELECTRONICS,4,268.06,115.85,61.87,5.53,44.41,,2023-01-19T18:30:00.000Z
CLI_0076,Alice Johnson,reconcile168@test.com,TXN_00458,ITM_082,5/19/2023,775.27,PENDING,PENDING,STANDARD,WEST,BOOKS,6,50.48,795.60,68.79,15.73,19.86,Additional processing required,2023-07-17T18:30:00.000Z
CLI_0339,Jane Doe,reconcile169@test.com,TXN_00341,ITM_177,7/8/2023,443.09,FAILED,PENDING,PREMIUM,WEST,FASHION,8,11.63,356.04,75.92,21.27,21.80,,2023-12-05T18:30:00.000Z
CLI_0037,John Smith,reconcile170@test.com,TXN_00849,ITM_110,1/7/2023,709.11,PENDING,PENDING,PREMIUM,NORTH,ELECTRONICS,3,218.59,364.31,52.71,13.03,35.10,,2023-07-08T18:30:00.000Z
CLI_0039,Alice Johnson,reconcile171@test.com,TXN_00991,ITM_133,4/8/2023,1046.95,PENDING,PENDING,STANDARD,SOUTH,ELECTRONICS,9,148.40,801.72,45.15,9.88,12.93,Additional processing required,2023-05-09T18:30:00.000Z
CLI_0201,Bob Wilson,reconcile172@test.com,TXN_00631,ITM_190,9/25/2023,190.86,PENDING,DELIVERED,PREMIUM,EAST,ELECTRONICS,4,187.65,582.77,20.51,24.21,17.17,,2023-07-14T18:30:00.000Z
CLI_0114,John Smith,reconcile173@test.com,TXN_00248,ITM_088,10/14/2023,580.17,PENDING,PENDING,PREMIUM,SOUTH,HOME,3,198.04,574.98,97.36,26.26,48.82,,2023-10-18T18:30:00.000Z
CLI_0075,John Smith,reconcile174@test.com,TXN_00024,ITM_111,12/2/2023,766.68,FAILED,IN_TRANSIT,PREMIUM,WEST,FASHION,10,235.84,312.23,73.59,28.00,35.22,,2023-06-20T18:30:00.000Z
CLI_0270,Alice Johnson,reconcile175@test.com,TXN_00110,ITM_024,8/19/2023,570.56,FAILED,DELIVERED,STANDARD,EAST,BOOKS,5,104.78,501.71,3.66,15.09,18.24,Additional processing required,2023-12-24T18:30:00.000Z
CLI_0229,Alice Johnson,reconcile176@test.com,TXN_00479,ITM_188,12/24/2023,250.86,FAILED,IN_TRANSIT,STANDARD,SOUTH,BOOKS,2,299.17,581.96,19.17,20.47,55.27,,2023-08-02T18:30:00.000Z
CLI_0453,Jane Doe,reconcile177@test.com,TXN_00012,ITM_124,5/19/2023,476.28,FAILED,IN_TRANSIT,PREMIUM,WEST,HOME,6,48.08,235.40,96.21,29.78,41.55,Additional processing required,2023-09-26T18:30:00.000Z
CLI_0040,Alice Johnson,reconcile178@test.com,TXN_00086,ITM_008,12/3/2023,536.37,COMPLETED,PENDING,STANDARD,WEST,ELECTRONICS,7,294.93,829.64,75.93,10.58,57.66,,2023-03-10T18:30:00.000Z
CLI_0065,John Smith,reconcile179@test.com,TXN_00222,ITM_119,8/26/2023,703.18,COMPLETED,IN_TRANSIT,STANDARD,WEST,BOOKS,3,223.08,250.82,8.74,29.63,38.87,,2023-03-10T18:30:00.000Z
CLI_0437,John Smith,reconcile180@test.com,TXN_00811,ITM_130,4/21/2023,389.88,COMPLETED,PENDING,PREMIUM,NORTH,HOME,7,173.06,374.11,37.06,20.11,11.56,Additional processing required,2023-03-17T18:30:00.000Z
CLI_0283,John Smith,reconcile181@test.com,TXN_00741,ITM_190,1/23/2023,156.62,PENDING,IN_TRANSIT,VIP,WEST,HOME,5,88.10,207.67,47.73,13.62,29.86,Additional processing required,2023-09-02T18:30:00.000Z
CLI_0269,Jane Doe,reconcile182@test.com,TXN_00123,ITM_154,2/9/2023,316.67,COMPLETED,IN_TRANSIT,STANDARD,WEST,BOOKS,4,258.12,712.62,29.56,5.68,41.99,,2023-06-30T18:30:00.000Z
CLI_0124,Jane Doe,reconcile183@test.com,TXN_00274,ITM_131,1/11/2023,394.68,COMPLETED,DELIVERED,PREMIUM,NORTH,FASHION,4,200.58,462.87,78.73,20.07,52.62,Additional processing required,2023-05-27T18:30:00.000Z
CLI_0326,Bob Wilson,reconcile184@test.com,TXN_00762,ITM_007,3/15/2023,1005.62,COMPLETED,DELIVERED,VIP,WEST,HOME,4,250.27,683.60,59.87,13.33,34.56,,2023-08-18T18:30:00.000Z
CLI_0377,Jane Doe,reconcile185@test.com,TXN_00459,ITM_076,12/26/2023,449.98,FAILED,DELIVERED,STANDARD,EAST,BOOKS,2,290.38,314.99,58.50,17.42,25.26,,2023-12-22T18:30:00.000Z
CLI_0129,John Smith,reconcile186@test.com,TXN_00243,ITM_019,10/18/2023,91.13,PENDING,PENDING,PREMIUM,NORTH,HOME,2,233.88,450.43,81.41,5.44,17.46,,2023-11-17T18:30:00.000Z
CLI_0336,Jane Doe,reconcile187@test.com,TXN_00832,ITM_146,10/3/2023,837.92,COMPLETED,PENDING,VIP,SOUTH,FASHION,7,300.08,353.62,85.60,28.37,48.67,Additional processing required,2023-07-13T18:30:00.000Z
CLI_0349,Alice Johnson,reconcile188@test.com,TXN_00316,ITM_139,7/22/2023,550.09,COMPLETED,PENDING,VIP,NORTH,ELECTRONICS,3,74.55,714.00,32.50,18.87,43.29,,2023-01-22T18:30:00.000Z
CLI_0405,Bob Wilson,reconcile189@test.com,TXN_00369,ITM_126,4/2/2023,771.76,COMPLETED,DELIVERED,PREMIUM,SOUTH,ELECTRONICS,5,306.76,267.68,28.83,27.60,9.43,Additional processing required,2023-06-08T18:30:00.000Z
CLI_0478,Alice Johnson,reconcile190@test.com,TXN_00073,ITM_115,11/11/2023,509.91,COMPLETED,IN_TRANSIT,STANDARD,NORTH,HOME,4,170.82,332.03,48.61,12.16,25.33,Additional processing required,2023-10-27T18:30:00.000Z
CLI_0239,Bob Wilson,reconcile191@test.com,TXN_00157,ITM_109,1/11/2023,127.84,FAILED,DELIVERED,STANDARD,WEST,ELECTRONICS,5,161.68,451.49,73.73,5.81,39.99,,2023-05-12T18:30:00.000Z
CLI_0244,Jane Doe,reconcile192@test.com,TXN_00118,ITM_103,12/13/2023,577.67,PENDING,IN_TRANSIT,STANDARD,WEST,BOOKS,7,286.79,363.90,25.87,26.67,6.50,Additional processing required,2023-09-24T18:30:00.000Z
CLI_0332,Bob Wilson,reconcile193@test.com,TXN_00277,ITM_072,9/8/2023,187.36,COMPLETED,DELIVERED,PREMIUM,NORTH,HOME,1,269.11,684.88,84.06,5.52,53.74,,2023-10-16T18:30:00.000Z
CLI_0333,Alice Johnson,reconcile194@test.com,TXN_00675,ITM_018,2/6/2023,1001.04,PENDING,IN_TRANSIT,PREMIUM,EAST,BOOKS,7,80.01,282.26,77.64,8.96,27.17,,2023-09-16T18:30:00.000Z
CLI_0422,Alice Johnson,reconcile195@test.com,TXN_00932,ITM_047,6/3/2023,1023.92,PENDING,PENDING,PREMIUM,NORTH,FASHION,3,65.43,239.19,68.43,17.63,44.47,,2023-01-23T18:30:00.000Z
CLI_0054,Jane Doe,reconcile196@test.com,TXN_00929,ITM_062,8/9/2023,1005.51,COMPLETED,IN_TRANSIT,PREMIUM,SOUTH,BOOKS,3,146.58,385.15,85.58,13.84,31.08,,2023-02-14T18:30:00.000Z
CLI_0458,John Smith,reconcile197@test.com,TXN_00567,ITM_184,4/24/2023,877.81,PENDING,IN_TRANSIT,VIP,SOUTH,FASHION,4,224.30,329.42,96.31,28.05,5.77,,2023-04-10T18:30:00.000Z
CLI_0199,Bob Wilson,reconcile198@test.com,TXN_00231,ITM_150,4/22/2023,298.28,COMPLETED,IN_TRANSIT,VIP,WEST,FASHION,2,143.13,537.26,1.96,25.61,19.04,,2023-04-26T18:30:00.000Z
CLI_0318,Bob Wilson,reconcile199@test.com,TXN_00178,ITM_044,10/4/2023,977.54,COMPLETED,IN_TRANSIT,PREMIUM,WEST,FASHION,5,228.99,493.51,75.91,18.45,34.06,,2023-05-05T18:30:00.000Z
CLI_0234,John Smith,reconcile200@test.com,TXN_00076,ITM_063,2/7/2023,804.83,FAILED,PENDING,VIP,EAST,FASHION,7,74.37,849.64,94.24,18.05,9.73,Additional processing required,2023-05-05T18:30:00.000Z
CLI_0493,Bob Wilson,reconcile201@test.com,TXN_00934,ITM_191,8/27/2023,972.50,COMPLETED,DELIVERED,VIP,EAST,HOME,9,191.27,627.30,42.63,21.51,20.92,,2023-09-06T18:30:00.000Z
CLI_0401,Alice Johnson,reconcile202@test.com,TXN_00269,ITM_024,6/18/2023,955.85,COMPLETED,PENDING,STANDARD,EAST,HOME,2,112.75,314.52,86.29,15.37,59.15,,2023-03-20T18:30:00.000Z
CLI_0349,Jane Doe,reconcile203@test.com,TXN_00536,ITM_073,9/23/2023,296.65,FAILED,IN_TRANSIT,PREMIUM,SOUTH,HOME,8,206.80,584.31,16.71,29.58,36.32,,2023-05-05T18:30:00.000Z
CLI_0342,Alice Johnson,reconcile204@test.com,TXN_00251,ITM_086,8/12/2023,921.92,FAILED,DELIVERED,VIP,NORTH,HOME,3,174.46,518.59,76.23,24.76,18.55,,2023-06-02T18:30:00.000Z
CLI_0205,John Smith,reconcile205@test.com,TXN_00910,ITM_100,12/18/2023,457.59,PENDING,DELIVERED,STANDARD,NORTH,ELECTRONICS,3,186.40,389.11,67.70,11.54,58.77,,2023-12-23T18:30:00.000Z
CLI_0392,John Smith,reconcile206@test.com,TXN_00599,ITM_172,6/4/2023,805.92,COMPLETED,IN_TRANSIT,PREMIUM,EAST,ELECTRONICS,7,72.42,219.87,40.82,13.55,13.57,,2023-02-22T18:30:00.000Z
CLI_0120,Jane Doe,reconcile207@test.com,TXN_00315,ITM_087,2/25/2023,971.03,FAILED,PENDING,PREMIUM,NORTH,HOME,6,209.95,308.50,54.50,18.84,54.10,,2023-11-30T18:30:00.000Z
CLI_0008,Alice Johnson,reconcile208@test.com,TXN_00615,ITM_007,6/20/2023,260.39,PENDING,PENDING,PREMIUM,WEST,BOOKS,10,20.70,520.55,41.74,12.48,8.02,Additional processing required,2023-02-13T18:30:00.000Z
CLI_0205,Bob Wilson,reconcile209@test.com,TXN_00182,ITM_017,5/21/2023,634.55,PENDING,DELIVERED,VIP,NORTH,ELECTRONICS,9,222.13,674.74,89.78,28.23,15.76,,2023-06-14T18:30:00.000Z
CLI_0065,Bob Wilson,reconcile210@test.com,TXN_00527,ITM_194,4/12/2023,565.46,FAILED,DELIVERED,VIP,NORTH,HOME,4,287.63,128.16,85.43,5.47,41.53,Additional processing required,2023-10-16T18:30:00.000Z
CLI_0364,Jane Doe,reconcile211@test.com,TXN_00822,ITM_146,1/13/2023,1001.72,FAILED,DELIVERED,VIP,NORTH,ELECTRONICS,7,95.19,874.43,88.28,20.07,5.98,,2023-09-20T18:30:00.000Z
CLI_0494,Jane Doe,reconcile212@test.com,TXN_00816,ITM_138,6/16/2023,126.61,PENDING,PENDING,STANDARD,EAST,BOOKS,5,164.61,109.37,99.70,21.99,60.58,,2023-09-16T18:30:00.000Z
CLI_0442,Alice Johnson,reconcile213@test.com,TXN_00206,ITM_117,4/21/2023,212.75,COMPLETED,DELIVERED,PREMIUM,EAST,FASHION,5,195.62,665.74,73.22,19.58,55.14,Additional processing required,2023-05-24T18:30:00.000Z
CLI_0269,Jane Doe,reconcile214@test.com,TXN_00715,ITM_135,12/3/2023,705.72,PENDING,PENDING,VIP,SOUTH,ELECTRONICS,2,297.47,319.53,10.40,20.62,37.96,,2023-05-08T18:30:00.000Z
CLI_0169,Jane Doe,reconcile215@test.com,TXN_00038,ITM_150,5/5/2023,315.63,FAILED,DELIVERED,VIP,WEST,HOME,6,219.63,880.80,86.96,9.81,12.12,,2023-10-07T18:30:00.000Z
CLI_0209,Jane Doe,reconcile216@test.com,TXN_00491,ITM_009,3/9/2023,474.06,PENDING,IN_TRANSIT,VIP,NORTH,BOOKS,1,20.55,561.56,94.74,15.91,32.31,Additional processing required,2023-01-23T18:30:00.000Z
CLI_0305,Bob Wilson,reconcile217@test.com,TXN_00875,ITM_027,4/18/2023,797.66,FAILED,PENDING,STANDARD,SOUTH,HOME,5,47.15,780.07,15.45,7.71,34.73,,2023-05-31T18:30:00.000Z
CLI_0378,Bob Wilson,reconcile218@test.com,TXN_00775,ITM_143,2/4/2023,610.15,COMPLETED,PENDING,VIP,NORTH,ELECTRONICS,5,303.62,873.21,14.05,5.47,51.19,Additional processing required,2023-03-15T18:30:00.000Z
CLI_0123,Jane Doe,reconcile219@test.com,TXN_00141,ITM_063,8/15/2023,717.09,FAILED,DELIVERED,PREMIUM,NORTH,FASHION,4,36.53,822.07,96.19,14.60,51.61,,2023-11-15T18:30:00.000Z
CLI_0452,Alice Johnson,reconcile220@test.com,TXN_00922,ITM_051,3/5/2023,796.77,COMPLETED,PENDING,VIP,SOUTH,ELECTRONICS,3,189.49,397.57,16.52,20.76,55.65,,2023-06-25T18:30:00.000Z
CLI_0095,John Smith,reconcile221@test.com,TXN_00914,ITM_078,3/18/2023,692.43,FAILED,DELIVERED,VIP,WEST,BOOKS,3,152.57,479.98,68.74,11.98,56.19,,2023-03-14T18:30:00.000Z
CLI_0203,John Smith,reconcile222@test.com,TXN_00654,ITM_135,5/3/2023,231.25,PENDING,DELIVERED,STANDARD,SOUTH,FASHION,7,41.69,629.74,11.92,8.98,44.64,Additional processing required,2023-07-22T18:30:00.000Z
CLI_0047,Jane Doe,reconcile223@test.com,TXN_00039,ITM_110,12/19/2023,232.51,FAILED,IN_TRANSIT,VIP,EAST,ELECTRONICS,8,65.41,183.48,86.67,23.08,56.27,Additional processing required,2023-04-10T18:30:00.000Z
CLI_0049,Jane Doe,reconcile224@test.com,TXN_00532,ITM_016,4/15/2023,307.20,COMPLETED,DELIVERED,PREMIUM,WEST,HOME,2,68.52,613.07,64.24,24.63,53.24,Additional processing required,2023-04-20T18:30:00.000Z
CLI_0130,Bob Wilson,reconcile225@test.com,TXN_00844,ITM_141,10/21/2023,461.18,PENDING,IN_TRANSIT,VIP,EAST,HOME,5,249.68,761.50,29.55,27.06,41.00,,2023-02-28T18:30:00.000Z
CLI_0491,John Smith,reconcile226@test.com,TXN_00722,ITM_119,5/21/2023,735.64,PENDING,DELIVERED,PREMIUM,WEST,FASHION,8,148.07,785.79,87.20,24.67,35.53,,2023-12-03T18:30:00.000Z
CLI_0462,John Smith,reconcile227@test.com,TXN_00626,ITM_182,6/14/2023,990.10,COMPLETED,PENDING,PREMIUM,NORTH,FASHION,1,229.11,612.75,22.07,20.09,51.54,,2023-06-05T18:30:00.000Z
CLI_0358,Alice Johnson,reconcile228@test.com,TXN_00776,ITM_169,4/27/2023,645.53,COMPLETED,IN_TRANSIT,STANDARD,NORTH,BOOKS,4,137.82,186.65,99.97,5.67,54.14,,2023-08-25T18:30:00.000Z
CLI_0459,John Smith,reconcile229@test.com,TXN_00030,ITM_013,10/23/2023,124.71,COMPLETED,PENDING,PREMIUM,NORTH,ELECTRONICS,3,258.40,161.58,9.05,24.07,27.56,Additional processing required,2023-12-09T18:30:00.000Z
CLI_0114,Alice Johnson,reconcile230@test.com,TXN_00868,ITM_066,11/6/2023,430.50,COMPLETED,IN_TRANSIT,VIP,NORTH,HOME,7,218.62,217.97,34.49,19.37,24.59,,2023-09-13T18:30:00.000Z
CLI_0020,Alice Johnson,reconcile231@test.com,TXN_00738,ITM_039,1/25/2023,875.86,PENDING,DELIVERED,STANDARD,SOUTH,FASHION,5,86.28,181.88,78.45,28.74,35.49,,2023-08-16T18:30:00.000Z
CLI_0201,Alice Johnson,reconcile232@test.com,TXN_00754,ITM_019,12/11/2023,544.51,COMPLETED,PENDING,STANDARD,EAST,FASHION,10,100.38,803.40,35.80,29.00,42.08,Additional processing required,2023-06-12T18:30:00.000Z
CLI_0300,Alice Johnson,reconcile233@test.com,TXN_00727,ITM_167,2/14/2023,173.93,COMPLETED,PENDING,PREMIUM,EAST,HOME,1,169.83,115.81,67.74,13.99,5.43,,2023-07-19T18:30:00.000Z
CLI_0337,Alice Johnson,reconcile234@test.com,TXN_00581,ITM_169,8/12/2023,1011.62,PENDING,IN_TRANSIT,STANDARD,SOUTH,FASHION,9,20.16,247.88,60.61,20.43,64.25,,2023-11-17T18:30:00.000Z
CLI_0066,John Smith,reconcile235@test.com,TXN_00808,ITM_037,4/25/2023,407.71,FAILED,DELIVERED,VIP,NORTH,HOME,4,258.69,691.61,46.20,19.08,38.69,,2023-09-01T18:30:00.000Z
CLI_0248,Bob Wilson,reconcile236@test.com,TXN_00433,ITM_038,6/13/2023,928.35,PENDING,IN_TRANSIT,STANDARD,WEST,FASHION,8,297.38,251.61,67.48,8.42,9.86,Additional processing required,2023-09-23T18:30:00.000Z
CLI_0417,Alice Johnson,reconcile237@test.com,TXN_00593,ITM_007,12/9/2023,534.63,COMPLETED,PENDING,PREMIUM,EAST,FASHION,2,234.10,681.44,63.11,12.59,29.05,Additional processing required,2023-05-18T18:30:00.000Z
CLI_0225,Jane Doe,reconcile238@test.com,TXN_00318,ITM_186,11/22/2023,76.59,FAILED,IN_TRANSIT,PREMIUM,WEST,FASHION,3,273.16,749.73,86.17,26.25,58.53,,2023-03-08T18:30:00.000Z
CLI_0498,Bob Wilson,reconcile239@test.com,TXN_00747,ITM_169,7/24/2023,149.86,COMPLETED,DELIVERED,STANDARD,EAST,ELECTRONICS,2,249.02,605.53,93.05,17.41,44.78,,2023-01-14T18:30:00.000Z
CLI_0179,Jane Doe,reconcile240@test.com,TXN_00010,ITM_145,12/7/2023,506.61,FAILED,PENDING,STANDARD,WEST,BOOKS,8,193.75,687.39,89.18,27.17,24.79,,2023-11-05T18:30:00.000Z
CLI_0133,Alice Johnson,reconcile241@test.com,TXN_00107,ITM_197,7/11/2023,727.14,COMPLETED,DELIVERED,PREMIUM,WEST,ELECTRONICS,10,278.59,140.18,39.92,16.74,42.30,,2023-05-22T18:30:00.000Z
CLI_0450,John Smith,reconcile242@test.com,TXN_00100,ITM_079,10/23/2023,558.40,PENDING,IN_TRANSIT,PREMIUM,EAST,HOME,5,135.60,533.32,55.84,9.78,16.54,,2023-05-04T18:30:00.000Z
CLI_0130,John Smith,reconcile243@test.com,TXN_00582,ITM_141,3/27/2023,99.13,PENDING,PENDING,PREMIUM,SOUTH,FASHION,4,275.84,638.97,70.30,27.83,26.96,,2023-12-12T18:30:00.000Z
CLI_0261,John Smith,reconcile244@test.com,TXN_00659,ITM_174,12/5/2023,710.24,FAILED,IN_TRANSIT,VIP,NORTH,BOOKS,1,136.04,586.88,18.52,21.33,57.64,,2023-01-03T18:30:00.000Z
CLI_0338,Alice Johnson,reconcile245@test.com,TXN_00086,ITM_169,5/22/2023,86.66,PENDING,IN_TRANSIT,STANDARD,WEST,FASHION,7,169.28,222.14,87.89,19.80,32.75,Additional processing required,2023-05-08T18:30:00.000Z
CLI_0179,Alice Johnson,reconcile246@test.com,TXN_00833,ITM_145,5/11/2023,891.76,PENDING,DELIVERED,VIP,NORTH,ELECTRONICS,8,102.36,380.43,79.28,8.58,33.03,,2023-08-21T18:30:00.000Z
CLI_0176,Alice Johnson,reconcile247@test.com,TXN_00755,ITM_107,7/10/2023,812.39,FAILED,IN_TRANSIT,STANDARD,EAST,ELECTRONICS,9,174.54,202.75,70.19,6.06,61.71,,2023-08-16T18:30:00.000Z
CLI_0393,John Smith,reconcile248@test.com,TXN_00370,ITM_081,5/4/2023,378.86,FAILED,DELIVERED,STANDARD,SOUTH,BOOKS,6,178.26,879.64,28.86,20.92,30.46,,2023-08-06T18:30:00.000Z
CLI_0221,Alice Johnson,reconcile249@test.com,TXN_00106,ITM_083,9/9/2023,183.95,COMPLETED,IN_TRANSIT,PREMIUM,SOUTH,BOOKS,2,52.21,271.53,59.29,26.84,33.46,,2023-11-06T18:30:00.000Z
CLI_0395,Alice Johnson,reconcile250@test.com,TXN_00039,ITM_094,4/10/2023,183.36,COMPLETED,PENDING,PREMIUM,SOUTH,FASHION,8,11.80,120.56,75.36,13.97,53.30,,2023-08-05T18:30:00.000Z
CLI_0147,Alice Johnson,reconcile251@test.com,TXN_00859,ITM_069,4/15/2023,648.60,PENDING,IN_TRANSIT,STANDARD,SOUTH,FASHION,9,63.80,528.56,93.71,9.26,10.61,,2023-01-04T18:30:00.000Z
CLI_0463,John Smith,reconcile252@test.com,TXN_00156,ITM_025,2/26/2023,367.37,COMPLETED,PENDING,STANDARD,SOUTH,FASHION,3,172.81,533.31,35.31,9.51,59.90,Additional processing required,2023-07-24T18:30:00.000Z
CLI_0401,Alice Johnson,reconcile253@test.com,TXN_00146,ITM_127,2/13/2023,156.36,PENDING,DELIVERED,VIP,EAST,HOME,7,222.08,221.25,28.85,10.58,50.72,,2023-09-03T18:30:00.000Z
CLI_0105,John Smith,reconcile254@test.com,TXN_00413,ITM_107,11/24/2023,343.19,COMPLETED,PENDING,VIP,EAST,FASHION,3,247.13,690.28,62.64,5.39,57.50,,2023-12-03T18:30:00.000Z
CLI_0186,John Smith,reconcile255@test.com,TXN_00257,ITM_017,11/1/2023,440.04,COMPLETED,DELIVERED,STANDARD,EAST,ELECTRONICS,7,61.28,798.00,83.79,6.31,40.10,Additional processing required,2023-12-02T18:30:00.000Z
CLI_0283,Jane Doe,reconcile256@test.com,TXN_00565,ITM_103,2/3/2023,437.21,COMPLETED,IN_TRANSIT,PREMIUM,NORTH,FASHION,9,253.01,322.29,83.81,14.74,21.28,,2023-01-16T18:30:00.000Z
CLI_0144,John Smith,reconcile257@test.com,TXN_00926,ITM_143,2/22/2023,1038.57,FAILED,DELIVERED,PREMIUM,NORTH,HOME,1,250.25,600.56,33.08,10.54,58.22,,2023-10-02T18:30:00.000Z
CLI_0428,Bob Wilson,reconcile258@test.com,TXN_00068,ITM_145,11/15/2023,181.80,COMPLETED,PENDING,VIP,EAST,BOOKS,2,262.21,841.48,68.76,10.11,55.81,,2023-09-04T18:30:00.000Z
CLI_0290,John Smith,reconcile259@test.com,TXN_00776,ITM_100,10/19/2023,542.40,FAILED,IN_TRANSIT,VIP,SOUTH,FASHION,8,71.70,688.11,18.63,11.04,18.99,,2023-08-09T18:30:00.000Z
CLI_0098,Bob Wilson,reconcile260@test.com,TXN_00791,ITM_079,1/28/2023,882.37,PENDING,IN_TRANSIT,VIP,NORTH,HOME,3,182.24,423.60,81.18,15.04,52.03,,2023-08-27T18:30:00.000Z
CLI_0496,John Smith,reconcile261@test.com,TXN_00390,ITM_005,10/4/2023,263.36,PENDING,DELIVERED,PREMIUM,EAST,FASHION,10,126.98,324.19,28.11,21.78,46.53,,2023-04-17T18:30:00.000Z
CLI_0220,John Smith,reconcile262@test.com,TXN_00044,ITM_095,10/9/2023,436.18,FAILED,DELIVERED,VIP,NORTH,BOOKS,9,86.74,136.25,86.02,23.18,13.22,Additional processing required,2023-03-04T18:30:00.000Z
CLI_0311,Bob Wilson,reconcile263@test.com,TXN_00373,ITM_163,3/18/2023,782.26,FAILED,PENDING,PREMIUM,EAST,HOME,7,27.07,602.71,1.25,16.12,59.48,,2023-12-02T18:30:00.000Z
CLI_0429,Jane Doe,reconcile264@test.com,TXN_00357,ITM_149,5/13/2023,343.38,COMPLETED,IN_TRANSIT,PREMIUM,SOUTH,BOOKS,9,220.26,312.81,72.16,8.21,11.73,,2023-03-04T18:30:00.000Z
CLI_0467,John Smith,reconcile265@test.com,TXN_00098,ITM_105,7/19/2023,345.35,FAILED,PENDING,STANDARD,SOUTH,FASHION,3,102.96,545.15,14.42,13.93,47.97,Additional processing required,2023-05-02T18:30:00.000Z
CLI_0437,Jane Doe,reconcile266@test.com,TXN_00252,ITM_049,11/16/2023,139.09,COMPLETED,PENDING,PREMIUM,EAST,FASHION,10,289.13,180.71,59.20,10.50,27.85,,2023-06-12T18:30:00.000Z
CLI_0005,Jane Doe,reconcile267@test.com,TXN_00007,ITM_086,10/17/2023,487.71,PENDING,PENDING,VIP,NORTH,HOME,10,112.36,734.65,96.51,5.80,28.04,Additional processing required,2023-06-01T18:30:00.000Z
CLI_0234,Bob Wilson,reconcile268@test.com,TXN_00205,ITM_142,11/13/2023,129.30,COMPLETED,DELIVERED,VIP,NORTH,BOOKS,4,31.54,887.06,24.66,13.68,20.04,,2023-09-20T18:30:00.000Z
CLI_0344,Jane Doe,reconcile269@test.com,TXN_00662,ITM_176,8/24/2023,201.85,PENDING,IN_TRANSIT,VIP,NORTH,ELECTRONICS,7,96.29,848.13,70.52,9.06,50.12,Additional processing required,2023-07-04T18:30:00.000Z
CLI_0322,Jane Doe,reconcile270@test.com,TXN_00343,ITM_034,9/1/2023,747.87,COMPLETED,DELIVERED,PREMIUM,SOUTH,ELECTRONICS,6,51.71,101.11,10.36,24.30,47.30,,2023-09-04T18:30:00.000Z
CLI_0272,Alice Johnson,reconcile271@test.com,TXN_00627,ITM_199,2/25/2023,572.78,COMPLETED,PENDING,VIP,WEST,HOME,3,220.33,563.41,92.82,10.61,31.49,,2023-04-23T18:30:00.000Z
CLI_0129,John Smith,reconcile272@test.com,TXN_00007,ITM_093,4/22/2023,764.06,PENDING,PENDING,VIP,SOUTH,HOME,8,132.61,547.85,72.15,29.79,44.27,,2023-08-04T18:30:00.000Z
CLI_0453,John Smith,reconcile273@test.com,TXN_00032,ITM_085,1/21/2023,895.78,PENDING,PENDING,PREMIUM,EAST,BOOKS,2,61.93,703.54,72.31,6.77,51.04,,2023-02-27T18:30:00.000Z
CLI_0270,John Smith,reconcile274@test.com,TXN_00233,ITM_023,3/24/2023,1015.93,FAILED,IN_TRANSIT,VIP,EAST,BOOKS,9,244.12,898.53,52.38,13.61,27.73,Additional processing required,2023-10-31T18:30:00.000Z
CLI_0308,Alice Johnson,reconcile275@test.com,TXN_00253,ITM_115,1/13/2023,528.64,FAILED,PENDING,PREMIUM,WEST,FASHION,2,95.34,315.57,30.96,7.04,19.93,Additional processing required,2023-12-25T18:30:00.000Z
CLI_0067,Bob Wilson,reconcile276@test.com,TXN_00884,ITM_094,3/18/2023,532.03,PENDING,PENDING,STANDARD,WEST,BOOKS,1,284.65,700.77,64.79,15.37,58.39,,2023-10-18T18:30:00.000Z
CLI_0337,Jane Doe,reconcile277@test.com,TXN_00955,ITM_042,10/7/2023,595.07,COMPLETED,IN_TRANSIT,STANDARD,WEST,ELECTRONICS,1,271.59,482.58,61.70,26.06,57.82,,2023-01-24T18:30:00.000Z
CLI_0085,Bob Wilson,reconcile278@test.com,TXN_00480,ITM_117,6/21/2023,157.94,FAILED,IN_TRANSIT,PREMIUM,WEST,ELECTRONICS,4,143.63,811.42,54.95,21.05,34.70,,2023-10-18T18:30:00.000Z
CLI_0105,Bob Wilson,reconcile279@test.com,TXN_00854,ITM_167,10/15/2023,263.01,FAILED,PENDING,PREMIUM,SOUTH,ELECTRONICS,5,199.67,494.37,9.68,23.15,59.03,,2023-03-26T18:30:00.000Z
CLI_0296,Bob Wilson,reconcile280@test.com,TXN_00411,ITM_188,7/6/2023,78.54,COMPLETED,PENDING,VIP,SOUTH,ELECTRONICS,1,51.90,768.17,69.56,18.58,15.58,,2023-08-14T18:30:00.000Z
CLI_0011,Alice Johnson,reconcile281@test.com,TXN_00227,ITM_145,5/23/2023,179.74,FAILED,PENDING,STANDARD,EAST,HOME,4,221.16,135.43,70.34,12.42,19.39,,2023-03-01T18:30:00.000Z
CLI_0338,Jane Doe,reconcile282@test.com,TXN_00520,ITM_192,10/7/2023,321.62,PENDING,PENDING,VIP,NORTH,HOME,1,168.69,656.01,55.68,18.82,19.07,,2023-09-06T18:30:00.000Z
CLI_0491,John Smith,reconcile283@test.com,TXN_00228,ITM_161,8/1/2023,362.67,COMPLETED,IN_TRANSIT,PREMIUM,EAST,ELECTRONICS,6,122.69,596.84,45.09,25.58,46.28,,2023-09-09T18:30:00.000Z
CLI_0064,Bob Wilson,reconcile284@test.com,TXN_00783,ITM_015,5/15/2023,674.41,PENDING,DELIVERED,VIP,SOUTH,FASHION,2,150.39,725.87,52.41,25.98,29.07,Additional processing required,2023-09-04T18:30:00.000Z
CLI_0051,John Smith,reconcile285@test.com,TXN_00319,ITM_148,8/2/2023,82.78,FAILED,PENDING,PREMIUM,SOUTH,HOME,4,215.85,818.26,55.94,17.45,46.06,Additional processing required,2023-05-18T18:30:00.000Z
CLI_0146,Jane Doe,reconcile286@test.com,TXN_00681,ITM_115,12/15/2023,672.01,FAILED,DELIVERED,PREMIUM,SOUTH,HOME,8,291.95,337.19,93.20,8.79,36.20,,2023-11-04T18:30:00.000Z
CLI_0385,Alice Johnson,reconcile287@test.com,TXN_00510,ITM_022,1/21/2023,686.39,COMPLETED,DELIVERED,VIP,WEST,FASHION,8,240.30,352.68,98.58,11.38,33.34,Additional processing required,2023-06-12T18:30:00.000Z
CLI_0381,Jane Doe,reconcile288@test.com,TXN_00740,ITM_054,11/4/2023,998.33,PENDING,IN_TRANSIT,VIP,SOUTH,ELECTRONICS,1,213.70,692.70,87.07,18.11,27.54,,2023-08-11T18:30:00.000Z
CLI_0353,John Smith,reconcile289@test.com,TXN_00329,ITM_186,1/19/2023,689.35,PENDING,PENDING,PREMIUM,NORTH,FASHION,4,218.47,543.29,53.50,18.37,47.29,,2023-08-04T18:30:00.000Z
CLI_0182,Jane Doe,reconcile290@test.com,TXN_00980,ITM_164,9/13/2023,217.27,PENDING,DELIVERED,STANDARD,SOUTH,HOME,7,221.55,638.34,57.50,24.68,56.32,,2023-09-19T18:30:00.000Z
CLI_0309,Jane Doe,reconcile291@test.com,TXN_00587,ITM_123,5/22/2023,758.09,PENDING,DELIVERED,VIP,EAST,FASHION,3,64.89,152.93,4.99,23.70,6.49,,2023-12-03T18:30:00.000Z
CLI_0344,John Smith,reconcile292@test.com,TXN_00836,ITM_026,4/12/2023,383.00,COMPLETED,PENDING,PREMIUM,WEST,BOOKS,2,151.36,405.84,51.77,11.81,49.21,Additional processing required,2023-03-18T18:30:00.000Z
CLI_0331,Alice Johnson,reconcile293@test.com,TXN_00130,ITM_031,8/12/2023,887.64,COMPLETED,IN_TRANSIT,VIP,EAST,HOME,2,12.34,549.25,92.39,16.54,55.00,,2023-03-15T18:30:00.000Z
CLI_0093,Alice Johnson,reconcile294@test.com,TXN_00617,ITM_120,5/23/2023,277.58,COMPLETED,PENDING,STANDARD,WEST,HOME,9,82.77,660.22,24.46,6.15,15.03,,2023-02-09T18:30:00.000Z
CLI_0434,Bob Wilson,reconcile295@test.com,TXN_00475,ITM_076,8/22/2023,143.09,PENDING,PENDING,STANDARD,WEST,HOME,8,255.75,733.26,60.70,23.41,21.69,,2023-02-15T18:30:00.000Z
CLI_0166,Bob Wilson,reconcile296@test.com,TXN_00013,ITM_096,8/12/2023,836.35,FAILED,PENDING,VIP,WEST,BOOKS,4,113.05,506.91,50.66,12.98,25.09,,2023-02-03T18:30:00.000Z
CLI_0492,Alice Johnson,reconcile297@test.com,TXN_00532,ITM_044,4/3/2023,814.55,COMPLETED,PENDING,PREMIUM,EAST,FASHION,10,229.73,235.37,53.00,14.75,13.95,,2023-08-01T18:30:00.000Z
CLI_0286,Bob Wilson,reconcile298@test.com,TXN_00586,ITM_088,8/27/2023,698.21,PENDING,DELIVERED,STANDARD,SOUTH,FASHION,1,195.40,466.09,44.04,10.13,24.38,,2023-09-14T18:30:00.000Z
CLI_0475,Alice Johnson,reconcile299@test.com,TXN_00009,ITM_139,6/9/2023,417.67,PENDING,IN_TRANSIT,VIP,WEST,ELECTRONICS,10,210.52,392.03,5.49,20.07,22.22,,2023-01-01T18:30:00.000Z
CLI_0143,Alice Johnson,reconcile300@test.com,TXN_00379,ITM_029,3/7/2023,564.57,FAILED,IN_TRANSIT,STANDARD,NORTH,HOME,1,206.55,607.39,19.36,8.03,30.30,,2023-09-13T18:30:00.000Z